Municipios,Agropecuaria,Industria,Adm_pub,T_ex_adm_pub ,Total,Impostos,PIB,PIBpc
Adamantina,35510,131611,177739,655890,1000751,83655,1084405,30714
Adolfo,22647,11020,22194,33366,89227,3147,92374,29091
Aguaí,81936,314195,128003,361395,885529,122658,1008187,27366
Águas da Prata,9984,19333,32801,91831,153949,14356,168305,19927
Águas de Lindóia,4870,37780,89096,325597,457343,34179,491522,26193
Águas de Santa Bárbara,50437,9780,34091,64286,158594,8237,166830,25658
Águas de São Pedro,0,10763,21329,96792,128883,7063,135947,43644
Agudos,76596,927746,177012,698060,1879413,323937,2203350,57136
Alambari,30973,7398,25509,31982,95862,4635,100497,18366
Alfredo Marcondes,5031,13695,20358,29083,68166,15206,83373,20612
Altair,49937,5356,21698,26116,103107,3726,106833,53136
Altinópolis,148080,18674,67168,235716,469638,28085,497723,33744
Alto Alegre,32914,10186,22688,35518,101305,6407,107712,27550
Alumínio,901,1019462,88406,442604,1551373,553732,2105105,104775
Álvares Florence,62758,4836,20770,28580,116944,2752,119696,28771
Álvares Machado,16093,100751,98416,256013,471273,59445,530718,22044
Álvaro de Carvalho,6328,2614,20871,18317,48130,1757,49886,10253
Alvinlândia,14523,3757,16447,16305,51032,874,51906,20514
Americana,8833,2835213,985881,5897598,9727525,1604884,11332408,47907
Américo Brasiliense,16766,303903,150140,399646,870455,88981,959435,25082
Américo de Campos,41925,4507,27250,40805,114487,3245,117732,18173
Amparo,76338,1931615,301017,1614061,3923030,723479,4646510,61000
Analândia,32738,59867,31432,54169,178206,5787,183994,33800
Andradina,99993,406638,238115,1029211,1773957,148529,1922486,35326
Angatuba,139757,304750,105384,382204,932094,76318,1008412,41078
Anhembi,73715,25047,32282,41777,172821,7065,179886,24150
Anhumas,25171,5774,20043,21400,72389,2436,74825,21697
Aparecida,1512,43174,146186,839747,1030619,52154,1082773,29454
Aparecida d'Oeste,26077,34433,20610,39826,120945,7624,128569,32051
Apiaí,108332,138625,94383,211151,552491,42197,594687,26390
Araçariguama,1178,901461,116826,1671907,2691373,579486,3270859,140561
Araçatuba,109039,1148211,681473,4784946,6723668,625753,7349421,36890
Araçoiaba da Serra,21195,229311,133253,395295,779055,82926,861982,20888
Aramina,27689,5008,23065,62271,118033,8575,126608,27646
Arandu,39403,6090,29489,38613,113596,3984,117579,20061
Arapeí,1751,1626,14357,11955,29689,1015,30704,12079
Araraquara,92963,1691653,1003151,5591594,8379360,1029754,9409114,41400
Araras,102408,1365753,553300,2912399,4933860,631278,5565138,41826
Arco-Íris,21884,5855,12949,10907,51595,1420,53015,26318
Arealva,68028,14517,34653,99796,216993,13795,230788,26208
Areias,4859,1275,20163,15233,41529,1598,43128,11457
Areiópolis,25747,11397,42396,57954,137494,5508,143002,12682
Ariranha,21245,193090,41534,314515,570385,158198,728583,83965
Artur Nogueira,113925,197633,194738,549745,1056041,128229,1184269,21528
Arujá,24321,943418,366045,3808517,5142301,1013113,6155414,62433
Aspásia,10855,1793,11719,9868,34236,970,35205,18840
Assis,46341,544811,395939,2043500,3030592,332744,3363336,33173
Atibaia,162829,1827296,592132,3409763,5992019,1148385,7140404,47164
Auriflama,23372,38187,61839,164652,288049,16761,304811,20444
Avaí,164244,10068,26843,62381,263536,8372,271908,50939
Avanhandava,34995,101048,52820,106525,295388,24078,319465,31979
Avaré,119567,482741,369711,1533104,2505122,232038,2737161,30455
Bady Bassitt,11719,36176,71524,204454,323874,29547,353421,21213
Balbinos,14707,5326,23367,12349,55749,1814,57563,14992
Bálsamo,26725,25469,36223,98292,186709,16331,203040,25646
Bananal,6752,32807,46592,87511,173662,10892,184554,19119
Barão de Antonina,14068,2500,17663,17543,51774,1501,53276,13120
Barbosa,15706,7220,28666,39502,91094,3817,94911,12437
Bariri,53788,282602,142947,554074,1033411,126788,1160199,33712
Barra Bonita,16371,368604,149026,636457,1170458,112074,1282532,37330
Barra do Chapéu,32535,3397,24158,18623,78713,2504,81216,15043
Barra do Turvo,3327,4871,35624,40065,83887,7133,91020,11257
Barretos,190091,1193448,521552,2548345,4453436,405933,4859369,40011
Barrinha,22469,83370,123152,253678,482668,34988,517656,14821
Barueri,319,4525241,1844660,30068622,36438842,14127802,50566644,183769
Bastos,431963,108312,85205,282323,907803,51722,959525,52537
Batatais,128089,221976,240525,865557,1456146,133922,1590068,25767
Bauru,46896,2641158,1430661,9163827,13282542,1359519,14642061,38476
Bebedouro,94929,450709,334260,2028481,2908379,436173,3344551,43303
Bento de Abreu,34274,61079,18524,40825,154701,12846,167547,64359
Bernardino de Campos,25258,40163,44581,94821,204824,15435,220259,21240
Bertioga,5675,177572,371543,1040199,1594989,95607,1690596,26696
Bilac,56993,8397,32428,86280,184098,8944,193041,23810
Birigui,52355,630094,473614,1864875,3020938,315632,3336570,26788
Biritiba-Mirim,280871,39589,115046,228394,663899,23703,687603,22421
Boa Esperança do Sul,86293,21127,63419,121809,292647,16837,309484,25603
Bocaina,33781,26456,50629,91259,202126,15340,217466,18950
Bofete,33781,27473,47331,68836,177420,9696,187116,15668
Boituva,20386,712120,264472,1023200,2020178,361339,2381517,48160
Bom Jesus dos Perdões,8012,310372,99421,357179,774984,133444,908428,35367
Bom Sucesso de Itararé,5794,14263,18932,21090,60079,2581,62660,14161
Borá,12534,26673,8332,17697,65236,5654,70890,100618
Boracéia,18508,191057,23141,113683,346389,36783,383172,79827
Borborema,81572,26898,66874,171703,347049,25197,372245,26733
Borebi,20366,2799,16908,21143,61215,4063,65278,24654
Botucatu,201068,1090166,471018,2449999,4212251,411158,4623409,30886
Bragança Paulista,45222,1606000,622758,3270518,5544498,761009,6305507,35045
Braúna,22539,8301,25767,37740,94348,3815,98163,17260
Brejo Alegre,9666,21261,19178,27648,77753,5406,83159,62919
Brodowski,42711,158397,104287,299883,605278,63702,668980,27700
Brotas,89950,67275,107399,335358,599982,57872,657854,32780
Buri,124864,42021,83534,142974,393393,20313,413706,18959
Buritama,45383,248558,72769,233663,600373,35290,635662,37925
Buritizal,33030,62238,26475,47219,168962,9004,177965,43691
Cabrália Paulista,17786,14285,21784,24738,78593,3957,82550,19288
Cabreúva,28790,1129792,223327,2258780,3640689,1036453,4677142,93987
Caçapava,16110,1614162,354905,1638579,3623755,694689,4318445,46465
Cachoeira Paulista,12629,62166,128816,373201,576812,31680,608492,18602
Caconde,93930,34290,70846,149513,348579,8763,357342,18302
Cafelândia,91768,96275,76562,198639,463244,41788,505033,27985
Caiabu,14145,3730,19597,19146,56618,1596,58214,14579
Caieiras,1801,1207824,376675,1464205,3050504,505809,3556312,33948
Caiuá,21013,2990,28169,20015,72187,3424,75611,14201
Cajamar,378,2092852,396705,10499318,12989253,3980858,16970111,197667
Cajati,185772,565118,120892,392839,1264622,187854,1452475,50868
Cajobi,25519,7724,42094,72557,147894,8072,155966,15248
Cajuru,64653,112578,100809,233266,511305,60860,572165,23145
Campina do Monte Alegre,19009,12689,28708,43244,103650,5001,108651,19068
Campinas,95478,9362866,4599178,36597970,50655492,10741771,61397263,50451
Campo Limpo Paulista,6303,613185,311231,910395,1841113,269935,2111048,22811
Campos do Jordão,3741,122893,218073,828233,1172940,74936,1247875,24080
Campos Novos Paulista,54291,8838,24305,48460,135894,5885,141778,26675
Cananéia,29644,77893,60439,122563,290539,10118,300657,21118
Canas,2500,15298,24489,51622,93909,10670,104580,26364
Cândido Mota,90112,186524,118194,619492,1014323,152151,1166474,33541
Cândido Rodrigues,32329,10997,15551,35676,94554,5547,100101,43064
Canitar,6743,89774,24275,50463,171255,17413,188668,35350
Capão Bonito,146910,89200,187990,431603,855703,50760,906463,18130
Capela do Alto,28094,25600,82430,119490,255613,16858,272471,14203
Capivari,52607,676713,240324,816539,1786184,273520,2059704,36112
Caraguatatuba,13190,453272,597274,2034427,3098163,227757,3325920,25886
Carapicuíba,228,800616,1103519,3341592,5245955,499356,5745311,14146
Cardoso,60269,14163,52461,118742,245636,9903,255539,22105
Casa Branca,177325,63988,127987,398487,767788,63380,831168,28013
Cássia dos Coqueiros,98519,5884,16795,26285,147483,1433,148915,55747
Castilho,63838,299977,105135,320046,788997,75947,864944,54566
Catanduva,45096,796145,503665,2480016,3824922,370299,4195221,33915
Catiguá,18600,6534,31893,53143,110170,6723,116893,15870
Cedral,27529,81152,42948,119585,271214,41211,312425,37678
Cerqueira César,66267,168655,88197,238631,561750,43437,605187,39622
Cerquilho,52010,592816,187770,749666,1582261,250965,1833225,39425
Cesário Lange,32130,74964,73050,213731,393875,38379,432254,24605
Charqueada,20487,96992,62527,142036,322042,31864,353905,21654
Chavantes,21980,13095,51832,104572,191479,15977,207456,17445
Clementina,16458,63115,33666,87931,201170,18639,219809,32801
Colina,68041,399240,88474,428167,983922,123971,1107893,54266
Colômbia,124284,68459,39809,77120,309672,20374,330046,62743
Conchal,44992,177019,117899,289091,629002,63284,692286,24351
Conchas,60644,29104,73713,168097,331558,20834,352392,19523
Cordeirópolis,47987,787162,144639,1401246,2381034,441188,2822222,110703
Coroados,40364,29322,24976,58999,153661,11843,165504,28223
Coronel Macedo,23441,7098,22467,21206,74211,2660,76871,16644
Corumbataí,26288,11200,23729,146736,207953,40609,248561,52297
Cosmópolis,22692,479472,263534,657956,1423654,167437,1591091,22457
Cosmorama,71807,96291,34753,95062,297913,37983,335896,38185
Cotia,17895,2763445,994033,6102205,9877578,2656991,12534569,48930
Cravinhos,49941,296184,141503,542185,1029813,165915,1195729,30701
Cristais Paulista,62201,13580,35487,75173,186441,6731,193173,24104
Cruzália,18702,3007,13916,57495,93119,11415,104534,43198
Cruzeiro,6886,740691,304007,1074674,2126258,309561,2435818,26649
Cubatão,912,6294750,799377,4250253,11345292,1837947,13183239,91909
Cunha,21926,16685,83737,126865,249213,9837,259050,11285
Descalvado,101919,461034,138345,653707,1355004,231424,1586428,50400
Diadema,775,4023650,1613713,6417411,12055550,2616422,14671971,34189
Dirce Reis,6281,18392,12447,15222,52341,5049,57391,38204
Divinolândia,47715,13154,43612,163259,267740,11797,279537,27350
Dobrada,21748,13711,33438,37624,106521,8880,115401,13864
Dois Córregos,87163,110361,103305,287836,588664,59223,647887,26170
Dolcinópolis,14942,2482,11791,15794,45009,1282,46291,21977
Dourado,19105,127731,37898,297932,482666,144514,627180,73135
Dracena,41394,110520,170313,783681,1105908,93783,1199691,26279
Duartina,13654,30393,50711,129888,224646,12633,237279,21023
Dumont,19013,58083,37773,89743,204612,24379,228991,25935
Echaporã,38415,7930,26899,47806,121050,4392,125442,21121
Eldorado,149348,15867,62476,84890,312581,8561,321142,24026
Elias Fausto,68601,249569,74301,217207,609678,97027,706704,39837
Elisiário,12630,5327,18343,24391,60691,3046,63737,20002
Embaúba,13645,5846,14899,16245,50635,1528,52163,22841
Embu das Artes,273,1277283,951080,8303325,10531962,2716231,13248193,44457
Embu-Guaçu,1874,221285,250464,497660,971282,150611,1121893,15311
Emilianópolis,17638,5184,18192,18947,59962,1786,61747,20420
Engenheiro Coelho,24357,177618,83616,307300,592891,70423,663314,30158
Espírito Santo do Pinhal,69773,353238,162422,713468,1298902,134331,1433233,31300
Espírito Santo do Turvo,21128,4408,22839,25513,73889,4803,78692,15734
Estiva Gerbi,31896,125048,49064,103122,309130,25505,334635,29424
Estrela do Norte,14787,2985,17205,14034,49011,1579,50590,24405
Estrela d'Oeste,40896,266200,36249,217701,561046,65067,626113,106950
Euclides da Cunha Paulista,65706,8112,38369,42813,155000,4118,159118,11857
Fartura,57388,40466,63864,189013,350731,19897,370628,24470
Fernando Prestes,72039,16029,25995,67212,181275,10133,191408,35989
Fernandópolis,86241,258578,263475,1241637,1849931,156173,2006104,29030
Fernão,21685,2509,11986,12436,48617,1413,50029,29643
Ferraz de Vasconcelos,1756,804440,614844,1407903,2828943,308997,3137940,15735
Flora Rica,13897,1781,11835,9754,37267,702,37968,24425
Floreal,20077,4660,16930,20144,61811,2168,63979,20966
Flórida Paulista,35890,29375,54131,79302,198699,7934,206634,16012
Florínia,30131,4697,17443,69294,121565,14527,136091,43633
Franca,83748,1747214,1213356,5930258,8974576,1018406,9992981,27680
Francisco Morato,413,110724,557731,773472,1442340,74905,1517245,8594
Franco da Rocha,2815,839826,503440,1364521,2710601,284715,2995316,19748
Gabriel Monteiro,15633,17022,15276,23277,71207,2911,74118,26197
Gália,31855,10003,27966,66311,136135,7039,143175,20902
Garça,93152,178159,167665,651272,1090248,102168,1192416,25814
Gastão Vidigal,19893,4972,20710,27671,73247,3272,76519,14880
Gavião Peixoto,27099,585111,29191,146554,787956,99146,887102,185740
General Salgado,35468,14236,50691,132972,233367,15136,248503,24431
Getulina,60755,7904,44415,65988,179061,6094,185155,18014
Glicério,20569,17529,24331,34459,96888,4617,101506,20490
Guaiçara,31597,29450,46247,74539,181833,14389,196222,16287
Guaimbê,17318,2557,23116,29579,72569,3031,75600,13467
Guaíra,205734,1483461,191960,1019749,2900905,348619,3249524,84416
Guapiaçu,54244,150449,79638,215175,499507,49925,549431,27403
Guapiara,118839,35328,68042,92636,314846,11548,326394,17857
Guará,52250,72580,88750,202516,416096,23485,439581,20895
Guaraçaí,112246,12389,39158,97522,261315,12548,273862,27317
Guaraci,95617,54376,54076,96881,300950,28177,329127,35957
Guarani d'Oeste,6068,3061,12534,12600,34264,1283,35546,18063
Guarantã,60981,20962,29104,54670,165718,8458,174176,26498
Guararapes,163326,142848,127907,413041,847123,62832,909954,34781
Guararema,27941,251839,127198,769533,1176511,237071,1413582,48888
Guaratinguetá,26047,1762715,455132,2447495,4691389,980796,5672184,43267
Guareí,43940,40222,64221,62502,210885,11897,222782,15426
Guariba,46014,202515,154305,420487,823320,76486,899806,22562
Guarujá,34610,1244106,1449686,4764871,7493272,1105736,8599009,27027
Guarulhos,32570,11438406,5445474,33772291,50688741,10636984,61325724,41963
Guatapará,78283,15255,39568,64187,197292,15568,212860,29779
Guzolândia,13653,3958,23492,22575,63677,2143,65821,12847
Herculândia,60765,90153,37265,102554,290737,23235,313972,38161
Holambra,274252,153553,73103,380410,881318,88735,970053,67498
Hortolândia,1016,3905026,920178,5805358,10631579,2484815,13116393,55744
Iacanga,65385,40115,51699,222632,379831,48124,427955,47596
Iacri,70841,18115,25641,64431,179028,12414,191441,32690
Iaras,41496,8878,35749,56490,142613,9922,152536,20517
Ibaté,36409,244374,129715,361987,772486,76708,849194,27360
Ibirá,36952,42378,51788,106928,238045,13061,251106,21076
Ibirarema,33296,19852,29218,83384,165749,17788,183537,24930
Ibitinga,87906,371003,211971,729512,1400392,123366,1523757,26064
Ibiúna,265928,277808,297035,728335,1569106,132819,1701924,21664
Icém,17924,36780,39435,74382,168521,5269,173791,22936
Iepê,39757,13404,38810,125355,217326,29933,247259,31366
Igaraçu do Tietê,11945,18227,89065,167551,286788,16637,303425,12478
Igarapava,67045,166276,115473,683520,1032313,147360,1179673,37291
Igaratá,1622,19240,44624,97270,162755,17888,180642,23160
Iguape,77414,546011,127465,396469,1147359,22461,1169820,27632
Ilha Comprida,3829,854690,87401,381733,1327652,12316,1339968,69142
Ilha Solteira,50864,33217,130285,379023,593388,31955,625343,24463
Ilhabela,2991,10150556,250099,3877483,14281129,120095,14401225,189905
Indaiatuba,28375,4701156,1030187,6577474,12337191,3259114,15596305,59436
Indiana,10555,3142,21485,26409,61591,2539,64130,12898
Indiaporã,23697,5611,20216,41995,91519,4031,95550,24421
Inúbia Paulista,7656,6889,19806,89529,123880,14381,138262,36535
Ipaussu,29674,87368,62254,162672,341968,31043,373011,26776
Iperó,12521,171281,133581,251005,568387,80046,648433,17776
Ipeúna,16879,389941,32233,183691,622743,73550,696293,113399
Ipiguá,23791,18340,23482,32461,98074,9392,107466,21650
Iporanga,5452,2395,23230,18546,49622,1652,51274,11822
Ipuã,68181,38204,72477,157790,336652,22201,358853,25734
Iracemápolis,16934,675747,98611,560729,1352022,638575,1990597,81027
Irapuã,61502,9411,31375,50185,152474,4272,156746,19275
Irapuru,13930,2503,29982,38238,84654,3407,88061,11630
Itaberá,143399,26423,69986,244861,484669,36792,521462,30476
Itaí,145027,52488,114384,246691,558590,42477,601068,22335
Itajobi,211969,709159,68874,457537,1447540,151769,1599309,89132
Itaju,24964,10584,19568,26908,82023,5300,87324,30689
Itanhaém,38645,138403,459241,1148190,1784479,101152,1885631,19187
Itaóca,3678,6961,16391,12530,39560,1739,41299,12503
Itapecerica da Serra,15473,697123,613617,1924630,3250843,410095,3660938,19460
Itapetininga,245550,1046455,587588,2374990,4254583,499566,4754148,27585
Itapeva,538045,258046,376547,1176436,2349074,172900,2521974,26212
Itapevi,251,2576307,863301,6592388,10032247,2139814,12172061,48933
Itapira,53932,1517715,306411,1557095,3435152,470400,3905552,48759
Itapirapuã Paulista,2584,1893,20767,15323,40566,1541,42108,9543
Itápolis,172832,233955,162622,628005,1197413,111339,1308752,33049
Itaporanga,32945,12339,57766,187361,290410,30692,321102,20710
Itapuí,16578,203933,56154,283487,560152,105260,665412,48331
Itapura,30068,4093,26231,28045,88437,3071,91508,21953
Itaquaquecetuba,9029,1642942,1205896,3421610,6279477,933083,7212560,19402
Itararé,74816,89940,179450,473250,817456,61428,878884,18145
Itariri,100692,12013,62131,91395,266231,9944,276174,15928
Itatiba,506475,1703452,480747,2257143,4947818,1103366,6051184,47953
Itatinga,77986,78420,80203,144874,381483,28910,410393,16280
Itirapina,47602,36322,83114,184367,351405,59782,411187,22820
Itirapuã,27665,7974,27616,33235,96490,2084,98574,12914
Itobi,22518,9820,26918,58016,117272,7535,124807,16300
Itu,34689,1832248,701046,3767064,6335047,1496451,7831498,44311
Itupeva,27842,2471217,301663,2521972,5322694,1367493,6690186,105064
Ituverava,141345,358525,175251,672446,1347567,177055,1524622,38981
Jaborandi,46114,7826,31350,47899,133189,4660,137849,21801
Jaboticabal,166764,568721,324605,1560782,2620873,285974,2906847,37192
Jacareí,22871,4003768,863325,5368627,10258591,2446801,12705393,50134
Jaci,25500,151864,29389,133629,340381,52799,393180,56967
Jacupiranga,133825,35856,67928,257545,495154,35271,530424,34870
Jaguariúna,12244,3165982,291781,5394179,8864186,2665658,11529844,212809
Jales,66359,234720,181031,943515,1425626,120950,1546576,29088
Jambeiro,4438,89191,32884,56964,183477,54873,238350,35811
Jandira,501,895960,430665,1863075,3190201,824510,4014711,33921
Jardinópolis,69791,143622,186348,575839,975601,121385,1096985,26477
Jarinu,33599,417800,157842,1500268,2109509,400773,2510283,78658
Jaú,79130,753166,539978,2894651,4266924,466176,4733100,31739
Jeriquara,33363,6218,17648,23526,80754,1632,82386,26068
Joanópolis,19335,12658,50817,119736,202547,10458,213005,16265
João Ramalho,60956,2939,22788,30876,117559,3315,120874,42345
José Bonifácio,114858,340894,153762,601995,1211509,109233,1320742,39058
Júlio Mesquita,5861,1283,21230,20891,49265,1862,51127,11233
Jumirim,12081,51261,16958,34790,115090,16421,131511,33713
Jundiaí,110248,8459357,2007109,24669958,35246672,8386218,43632891,102570
Junqueirópolis,56990,97659,80459,288087,523194,52947,576141,29613
Juquiá,84631,22166,73664,133722,314184,14715,328899,19054
Juquitiba,664,50112,114133,304020,468929,44975,513904,16178
Lagoinha,6516,3230,21232,23598,54576,2014,56591,11684
Laranjal Paulista,31613,405932,112329,417345,967218,145362,1112580,36257
Lavínia,55387,4382,46510,45035,151313,6202,157515,17275
Lavrinhas,3567,25745,30944,39313,99569,10387,109957,14259
Leme,66964,816073,393844,1522756,2799638,407965,3207602,29909
Lençóis Paulista,88585,709586,278083,1241510,2317765,321297,2639062,39598
Limeira,75332,4101581,1142120,5926330,11245363,1946662,13192025,41389
Lindóia,5306,50126,35011,76583,167027,15298,182325,22987
Lins,92921,1412888,261312,1660501,3427622,357744,3785366,44782
Lorena,9106,761100,312015,1419801,2502022,324696,2826718,30231
Lourdes,10167,2137,13841,12565,38710,1338,40048,17989
Louveira,31284,1677715,307792,6577738,8594529,2368923,10963452,286201
Lucélia,23069,93984,83112,197520,397684,43486,441170,20417
Lucianópolis,20488,3224,15266,16283,55262,1744,57006,22295
Luís Antônio,81362,870925,74612,332874,1359773,149529,1509302,102496
Luiziânia,16417,3876,23252,26283,69829,1917,71747,12485
Lupércio,12122,12100,20869,29063,74154,3204,77358,16565
Lutécia,40318,7758,16136,18794,83006,2259,85265,35702
Macatuba,40574,51553,72626,383710,548464,79904,628368,35606
Macaubal,32950,6035,32119,75700,146805,7946,154750,20261
Macedônia,29192,6878,18773,21168,76011,2562,78572,21283
Magda,31591,5146,20117,32528,89382,4178,93560,34066
Mairinque,16141,670167,215286,715201,1616795,280006,1896801,37274
Mairiporã,754,338183,338219,886882,1564038,184515,1748553,18659
Manduri,52771,30297,37057,91995,212121,16518,228639,21726
Marabá Paulista,43126,3799,30366,22213,99504,2075,101579,24731
Maracaí,71318,57382,61265,191830,381796,30638,412434,31581
Marapoama,38323,59691,18405,49033,165452,13957,179409,57395
Mariápolis,17706,3207,18128,16493,55533,1243,56776,15441
Marília,72622,1184512,941700,5028968,7227802,854503,8082306,33839
Marinópolis,7000,1881,13205,11687,33772,959,34731,16859
Martinópolis,44609,62467,109097,248202,464376,31724,496100,19896
Matão,84911,1577193,304007,1684013,3650123,503865,4153989,50890
Mauá,14,4989657,1477457,6550839,13017966,2269516,15287483,36543
Mendonça,18864,89307,28377,75547,212095,21418,233513,53345
Meridiano,28583,89511,22578,78829,219501,21656,241157,68934
Mesópolis,27659,2671,14008,13304,57643,1155,58798,30513
Miguelópolis,311118,357467,99465,227334,995384,19889,1015273,52800
Mineiros do Tietê,18778,24221,47547,70106,160652,11636,172288,14649
Mira Estrela,17447,5454,19671,21898,64471,1954,66425,23135
Miracatu,45202,24640,80595,213221,363658,28876,392534,21470
Mirandópolis,124756,83659,106339,293128,607881,46101,653982,21369
Mirante do Paranapanema,54809,76763,70678,119540,321789,24087,345876,22026
Mirassol,37326,397530,231101,954027,1619985,190238,1810223,30459
Mirassolândia,53191,12816,21506,34558,122071,6503,128574,25078
Mococa,139842,457399,265093,1042009,1904344,216272,2120615,33101
Mogi das Cruzes,325450,3399422,1518293,8138040,13381206,2005294,15386499,34704
Mogi Guaçu,190606,1769676,608758,2551100,5120140,753360,5873500,38321
Mogi Mirim,138385,1057957,437455,2245118,3878915,722656,4601571,49208
Mombuca,21092,24557,18091,30915,94656,5455,100110,27908
Monções,4996,12808,15714,21480,54999,4749,59748,36463
Mongaguá,3638,128923,255100,596334,983995,51585,1035581,19129
Monte Alegre do Sul,37957,19487,36746,72837,167027,11300,178328,21647
Monte Alto,173412,408556,184684,802857,1569509,233311,1802820,37115
Monte Aprazível,65169,165167,95175,291252,616763,42371,659134,32714
Monte Azul Paulista,45545,34946,79046,325700,485237,48797,534034,31885
Monte Castelo,30974,6458,21371,37431,96234,6695,102928,25931
Monte Mor,55628,1760346,247436,889956,2953367,532063,3485430,51755
Monteiro Lobato,3110,7850,19836,31183,61979,3333,65312,14315
Morro Agudo,209187,291644,141645,446200,1088676,87611,1176287,44712
Morungaba,16456,179057,54211,143894,393619,62278,455896,34508
Motuca,29086,8635,21082,20313,79115,2476,81591,18766
Murutinga do Sul,12794,1770,24680,23757,63001,2308,65309,13851
Nantes,26697,2375,20018,59092,108182,11263,119445,36146
Narandiba,29345,56795,29257,57406,172803,13138,185942,45975
Natividade da Serra,7857,3557,31875,26964,70253,2223,72476,10602
Nazaré Paulista,14696,73992,75042,140582,304312,37863,342175,19393
Neves Paulista,29246,38363,34342,92152,194103,18311,212414,25306
Nhandeara,51845,49977,47350,156982,306154,18243,324397,30260
Nipoã,18840,12227,21901,36057,89026,4928,93953,21683
Nova Aliança,30687,40625,31080,60567,162959,10333,173292,30615
Nova Campina,18816,11730,39520,28652,98718,11437,110154,25036
Nova Canaã Paulista,13264,2058,12807,10416,38545,987,39531,18766
Nova Castilho,15690,1288,12982,9742,39702,918,40620,34169
Nova Europa,13793,100001,48798,96248,258840,21826,280666,31385
Nova Granada,100632,28326,75631,204525,409114,25094,434208,22302
Nova Guataporanga,3301,1868,12377,12473,30020,1214,31234,13584
Nova Independência,19968,42397,24615,42866,129846,11418,141264,40592
Nova Luzitânia,4996,2517,18680,22417,48611,1223,49834,11564
Nova Odessa,12503,996985,247191,1737865,2994543,545976,3540519,55777
Novais,10454,1577,24057,20283,56371,1874,58245,11494
Novo Horizonte,110225,119364,165987,594449,990025,104902,1094927,34244
Nuporanga,65608,199744,37308,171586,474246,46616,520862,80256
Ocauçu,45775,8683,20695,36649,111803,4120,115924,32568
Óleo,46497,4442,14963,16179,82081,1069,83151,34703
Olímpia,108562,463796,222743,1046996,1842098,191980,2034078,38251
Onda Verde,24851,19344,23137,85673,153005,12633,165638,37703
Oriente,11383,8809,24388,45099,89679,9860,99538,16050
Orindiúva,49412,158857,36193,122765,367227,36947,404173,74426
Orlândia,43973,543250,186828,829827,1603878,231120,1834997,42678
Osasco,957,3408876,2720837,53613988,59744658,16864388,76609046,114979
Oscar Bressane,37252,9853,15194,25453,87753,3058,90811,34343
Osvaldo Cruz,30193,203495,110925,426971,771583,77746,849329,28949
Ourinhos,45483,485131,439849,1827124,2797587,271820,3069407,27577
Ouro Verde,21544,6059,36272,44464,108338,3991,112329,13981
Ouroeste,37267,127049,68209,147509,380034,41555,421589,49197
Pacaembu,22914,8916,53646,209237,294713,9682,304395,15203
Palestina,77855,54866,51454,103604,287778,17440,305218,32018
Palmares Paulista,8793,6724,44241,57376,117133,5301,122434,9750
Palmeira d'Oeste,51260,12331,34581,83426,181598,6011,187609,18400
Palmital,101117,84539,90936,341674,618266,67541,685807,32431
Panorama,31105,20939,62725,136347,251117,12901,264018,17588
Paraguaçu Paulista,144197,349895,175699,702053,1371844,164189,1536033,28196
Paraibuna,9152,52700,77160,118540,257552,21263,278815,15238
Paraíso,27742,71616,31026,72552,202936,18786,221722,40913
Paranapanema,133694,29159,91317,316810,570980,52767,623747,30438
Paranapuã,48034,5782,19895,34053,107763,3856,111619,25504
Parapuã,90031,50975,43493,144559,329058,23608,352666,34471
Pardinho,31836,64720,32865,148440,277861,23950,301811,47299
Pariquera-Açu,67927,30558,71227,297886,467598,39786,507384,26902
Parisi,30501,3512,14152,17080,65245,1597,66842,24136
Patrocínio Paulista,186058,291452,60525,265076,803110,80138,883249,68930
Paulicéia,27025,16484,35232,64761,143501,7109,150610,21656
Paulínia,22385,14312815,1081363,11633619,27050182,5640696,32690878,352182
Paulistânia,12597,1683,14582,10097,38959,2134,41093,20768
Paulo de Faria,135832,14156,39471,72629,262088,6800,268887,30793
Pederneiras,99265,647336,175915,924997,1847513,346217,2193730,43177
Pedra Bela,14361,5837,25256,34573,80026,3700,83726,13527
Pedranópolis,27888,3374,16405,15059,62727,1659,64385,26269
Pedregulho,135790,419406,63715,226740,845651,28486,874137,60350
Pedreira,7313,326782,184100,570621,1088816,164905,1253721,26297
Pedrinhas Paulista,17572,9701,18244,79074,124591,12275,136866,39259
Pedro de Toledo,24712,7668,45440,58660,136479,7251,143730,14127
Penápolis,67870,306967,246908,918334,1540079,124097,1664177,27090
Pereira Barreto,72934,30595,107931,470016,681476,76865,758341,29118
Pereiras,16706,68673,35087,68252,188718,16337,205055,25969
Peruíbe,37975,268372,289222,859926,1455494,66910,1522404,20512
Piacatu,17139,6589,25848,38964,88541,3240,91781,16951
Piedade,296618,124699,179840,528136,1129294,79369,1208663,22972
Pilar do Sul,87493,43224,106946,378703,616366,60501,676867,23107
Pindamonhangaba,25621,3097042,635907,3258635,7017206,1599736,8616942,43511
Pindorama,31790,81090,65792,160835,339507,33167,372673,21737
Pinhalzinho,32958,30143,55781,125317,244199,18300,262499,17415
Piquerobi,9267,4725,19406,19580,52978,2627,55605,15860
Piquete,2778,21859,46680,81590,152907,11632,164539,11279
Piracaia,20261,71399,105070,242824,439553,36502,476055,18252
Piracicaba,156237,7695203,1687263,11174219,20712922,5708150,26421072,61585
Piraju,53535,91177,114950,435650,695312,46327,741639,24466
Pirajuí,95132,34030,90673,230873,450709,21693,472403,19265
Pirangi,39943,58242,43885,167838,309909,22878,332787,28556
Pirapora do Bom Jesus,160,162693,82496,173979,419328,38101,457429,22065
Pirapozinho,26936,345839,104688,358852,836316,114627,950943,35532
Pirassununga,84510,585599,313220,1391627,2374956,416661,2791617,35916
Piratininga,24534,21548,52874,122734,221691,13694,235385,17157
Pitangueiras,80470,162127,155151,548637,946386,118151,1064537,26395
Planalto,25892,43738,28392,46903,144924,10935,155859,47965
Platina,37116,9786,20577,20590,88069,6299,94368,26073
Poá,2073,667656,495847,1362450,2528026,2132346,4660371,36577
Poloni,22955,30248,24854,43324,121381,10623,132003,26924
Pompéia,39806,444979,97817,487818,1070420,174035,1244455,55740
Pongaí,24455,4720,17765,31174,78113,3133,81246,22644
Pontal,59114,357023,176331,435216,1027684,138298,1165983,25604
Pontalinda,27562,3685,20861,22974,75081,2824,77905,21204
Pontes Gestal,62441,28841,20862,36724,148868,7205,156073,65072
Populina,32845,4778,23734,32048,93405,2801,96206,24583
Porangaba,42714,22032,36215,65261,166222,10060,176282,19681
Porto Feliz,147966,631390,240870,1033960,2054187,545653,2599839,40016
Porto Ferreira,24808,647673,235495,792521,1700497,350656,2051153,36796
Potim,1258,39824,79485,82410,202978,14441,217418,9791
Potirendaba,47663,145964,70590,201793,466010,49149,515159,33631
Pracinha,5375,1725,16383,8558,32041,748,32788,9843
Pradópolis,24211,358061,95649,285223,763144,101883,865026,47049
Praia Grande,3692,748661,1484077,4337903,6574333,467485,7041818,21859
Pratânia,54161,10513,23374,35545,123593,7620,131213,23110
Presidente Alves,22508,3448,18145,26560,70662,2712,73374,15567
Presidente Bernardes,29601,16229,59743,146060,251633,18687,270320,18554
Presidente Epitácio,45864,127087,157564,467048,797563,54572,852135,20603
Presidente Prudente,27576,962650,829412,5320240,7139879,854661,7994539,35618
Presidente Venceslau,22843,31629,139000,481233,674705,41805,716511,18839
Promissão,69619,673216,163024,569956,1475816,150410,1626226,45633
Quadra,38553,4238,22160,29661,94612,4444,99056,27898
Quatá,53595,115594,57862,190914,417965,42281,460246,34845
Queiroz,94114,116181,21591,69021,300908,25065,325973,127785
Queluz,2738,40981,53526,206742,303986,32320,336307,26915
Quintana,21873,51213,26119,60382,159587,13394,172981,28655
Rafard,17040,124311,37591,104270,283212,38842,322054,37097
Rancharia,199707,278235,116294,428072,1022308,82751,1105059,39190
Redenção da Serra,8599,2874,18908,21145,51526,1657,53183,14355
Regente Feijó,51136,100772,84791,378911,615610,95037,710647,34867
Reginópolis,51297,6026,36163,46671,140156,4857,145013,20661
Registro,132252,152299,218228,1257226,1760005,206587,1966593,35990
Restinga,44642,34026,34053,43862,156582,9455,166037,22601
Ribeira,11783,2530,17099,14470,45882,2243,48125,14917
Ribeirão Bonito,49888,25353,50283,118239,243762,12420,256182,21418
Ribeirão Branco,132967,15015,63982,81272,293236,6676,299912,21471
Ribeirão Corrente,43760,7683,24448,33128,109020,1232,110252,19170
Ribeirão do Sul,35729,9860,20020,72931,138540,13130,151670,32705
Ribeirão dos Índios,7668,2798,14065,10174,34705,994,35699,17615
Ribeirão Grande,15833,146236,32594,55680,250343,16381,266724,39530
Ribeirão Pires,1193,624802,444585,1607638,2678218,364712,3042930,25270
Ribeirão Preto,89732,3839988,2931945,23834256,30695921,3631623,34327544,48821
Rifaina,20732,19914,23646,48534,112826,7488,120314,32936
Rincão,37486,25233,43317,79969,186006,10046,196052,20083
Rinópolis,64061,34964,38733,100918,238676,16051,254726,27186
Rio Claro,64510,3188348,906416,4235051,8394325,1405531,9799856,46450
Rio das Pedras,30495,306739,145716,636292,1119241,271933,1391175,42941
Rio Grande da Serra,579,139187,156657,232804,529227,37612,566839,12986
Riolândia,104080,15538,53204,72041,244862,7207,252069,20115
Riversul,14998,4382,23989,23530,66899,2346,69245,11734
Rosana,32503,848862,104306,193806,1179476,16126,1195603,67553
Roseira,3135,77487,45735,135205,261563,32080,293642,27475
Rubiácea,26006,3382,16633,15109,61130,1653,62783,20550
Rubinéia,22734,4039,20876,27745,75394,2623,78017,27931
Sabino,37713,4545,26580,45204,114042,4182,118225,22231
Sagres,11421,2016,12943,10423,36803,821,37624,18390
Sales,35998,6642,29607,65533,137779,5154,142934,24046
Sales Oliveira,65360,60846,47535,148833,322575,23473,346048,32465
Salesópolis,18463,9644,63947,100694,192747,9805,202552,12062
Salmourão,17037,5028,21976,25736,69777,1860,71638,14431
Saltinho,14195,48350,36791,109868,209204,36096,245300,30069
Salto,9909,1760240,463413,3821413,6054975,1255899,7310874,59823
Salto de Pirapora,16333,763695,172891,503817,1456736,231084,1687820,36713
Salto Grande,21299,66461,38363,82013,208135,13925,222060,23597
Sandovalina,68727,233604,31587,42672,376590,6393,382983,95533
Santa Adélia,63156,10269,59058,156875,289358,17675,307033,22038
Santa Albertina,25437,52270,29744,63101,170552,12488,183040,36765
Santa Bárbara d'Oeste,20613,1621261,739986,2745652,5127512,802264,5929776,30407
Santa Branca,7003,60135,61516,100949,229604,14853,244457,16619
Santa Clara d'Oeste,20125,4302,15763,25131,65321,2831,68153,33899
Santa Cruz da Conceição,16344,11993,25403,57447,111188,12475,123662,29264
Santa Cruz da Esperança,18484,3048,14897,14080,50509,1125,51634,27280
Santa Cruz das Palmeiras,42721,16929,117029,289924,466602,33670,500273,15209
Santa Cruz do Rio Pardo,129677,504504,194439,977555,1806175,227391,2033566,44745
Santa Ernestina,17341,5714,23502,42381,88938,3855,92793,17249
Santa Fé do Sul,38972,183534,138838,629394,990738,94042,1084780,34188
Santa Gertrudes,8363,1006549,136593,381559,1533064,235940,1769004,63454
Santa Isabel,46390,303114,215157,821361,1386021,190106,1576127,24766
Santa Lúcia,27794,8062,33172,41842,110870,3965,114835,15166
Santa Maria da Serra,29826,27142,24371,45684,127024,6575,133599,21785
Santa Mercedes,15366,2947,15943,17837,52095,14359,66453,28256
Santa Rita do Passa Quatro,61753,81609,105580,350154,599096,64896,663992,24781
Santa Rita d'Oeste,19221,2447,16525,23014,61208,2310,63517,24301
Santa Rosa de Viterbo,32082,195416,101523,266668,595689,100230,695919,30492
Santa Salete,11256,1769,11633,10104,34762,1212,35974,23528
Santana da Ponte Pensa,11237,1915,11822,9625,34599,848,35446,22650
Santana de Parnaíba,74821,1751065,770266,4995597,7591749,1643714,9235463,66392
Santo Anastácio,25525,53176,77033,229517,385251,27657,412908,21421
Santo André,818,6168513,2626053,16397666,25193050,3801635,28994686,40358
Santo Antônio da Alegria,41972,6813,31451,44906,125141,5258,130398,20218
Santo Antônio de Posse,126527,218253,102320,528716,975815,152580,1128395,50446
Santo Antônio do Aracanguá,66169,21062,49075,63430,199736,7690,207427,26327
Santo Antônio do Jardim,36782,11148,25814,67054,140798,10236,151034,23406
Santo Antônio do Pinhal,7173,6243,31235,61320,105970,4492,110462,16502
Santo Expedito,4242,3402,15261,14318,37222,961,38183,12628
Santópolis do Aguapeí,12312,3810,20054,31183,67359,3003,70362,13757
Santos,3538,1649228,2366234,15485142,19504143,2972834,22476976,52527
São Bento do Sapucaí,23095,10897,42555,116626,193172,10228,203400,18677
São Bernardo do Campo,6881,12026855,3132895,25895378,41062010,9506683,50568693,55281
São Caetano do Sul,19,3133206,1253495,6789233,11175953,2264776,13440728,87590
São Carlos,120061,3047561,1032366,5493141,9693130,1479870,11173000,43350
São Francisco,16978,2601,14894,12465,46937,893,47830,17214
São João da Boa Vista,65892,671082,362483,1723055,2822512,306507,3129019,34331
São João das Duas Pontes,14127,3181,14268,11899,43475,905,44380,16867
São João de Iracema,7367,1104,13916,10477,32864,974,33838,19167
São João do Pau d'Alho,16122,2197,13205,13338,44862,1362,46223,27823
São Joaquim da Barra,54135,503662,191489,784220,1533506,164818,1698323,34402
São José da Bela Vista,59484,5222,36587,52953,154246,7814,162060,18601
São José do Barreiro,6491,1789,21540,21079,50899,2074,52974,11677
São José do Rio Pardo,92877,400083,210003,904185,1607148,212475,1819623,33792
São José do Rio Preto,45082,1884632,1636208,12264383,15830305,1712180,17542485,37474
São José dos Campos,15263,14234345,2663904,17478527,34392039,5305462,39697501,56672
São Lourenço da Serra,1278,20183,59492,108939,189891,18792,208683,13603
São Luís do Paraitinga,15472,8658,46530,85593,156254,8226,164480,16420
São Manuel,184161,170731,149058,606237,1110187,95159,1205346,29043
São Miguel Arcanjo,238057,41286,114273,259877,653492,27580,681072,21117
São Paulo,36420,58054689,44009142,485428813,587529064,127154298,714683362,59467
São Pedro,62249,57867,137441,438399,695957,56909,752866,21919
São Pedro do Turvo,73996,14603,32593,52111,173302,8700,182002,27412
São Roque,28480,498903,347381,1712684,2587448,384201,2971650,32394
São Sebastião,11929,405718,608517,2124887,3151050,630789,3781839,40009
São Sebastião da Grama,46538,32632,46034,142165,267369,18062,285431,27484
São Simão,52995,63555,71814,213511,401875,41328,443203,31427
São Vicente,3008,439262,1347707,3317784,5107762,342288,5450049,14800
Sarapuí,21457,25286,39809,50027,136580,8841,145421,14811
Sarutaiá,20219,3239,18637,19369,61463,64,61528,17804
Sebastianópolis do Sul,36989,98633,22042,68980,226644,20506,247150,84097
Serra Azul,33188,11633,53532,51333,149686,4533,154219,13579
Serra Negra,39858,71535,113196,446550,671140,51302,722441,26404
Serrana,16517,108168,185633,520089,830407,90275,920681,21544
Sertãozinho,67704,1605099,542143,2614450,4829397,666924,5496321,45907
Sete Barras,192388,23602,53966,89739,359695,10859,370554,32687
Severínia,15462,8240,72618,122284,218603,13121,231724,13886
Silveiras,6180,3491,30282,29387,69340,3859,73199,11225
Socorro,55504,109084,146861,472036,783486,77445,860930,21667
Sorocaba,32656,8896519,2659736,16510322,28099233,6915956,35015188,49838
Sud Mennucci,45276,11495,39017,61505,157293,9926,167218,23305
Sumaré,122701,4210221,974087,5733673,11040682,3398216,14438898,49486
Suzanápolis,26257,103433,24307,60678,214674,36300,250973,76149
Suzano,218638,3820407,1046372,4278918,9364335,1783531,11147866,37619
Tabapuã,52520,17249,51131,103713,224612,10521,235133,20488
Tabatinga,45500,23593,63105,108349,240546,12606,253152,17848
Taboão da Serra,182,1611679,1002494,4541969,7156324,1222557,8378881,30587
Taciba,58206,9484,35103,47203,149996,6078,156074,25178
Taguaí,26622,18166,50498,150689,245976,25377,271354,16777
Taiaçu,21972,2747,25063,42531,92313,4675,96988,15730
Taiúva,20583,9051,25547,51247,106428,7642,114071,18470
Tambaú,71861,108646,84347,253968,518822,42411,561233,23553
Tanabi,97640,281334,107090,374441,860505,66769,927275,36549
Tapiraí,41465,15549,33721,45340,136074,5450,141524,18250
Tapiratiba,55983,70951,50693,126083,303710,21757,325467,27194
Taquaral,8570,1551,15019,11676,36817,1710,38527,13866
Taquaritinga,127320,273116,228684,824622,1453741,116835,1570577,26947
Taquarituba,54890,72648,89374,403378,620290,68553,688843,28273
Taquarivaí,70825,13123,28408,89865,202220,16433,218654,36016
Tarabai,14503,12316,31175,49567,107561,7133,114694,15372
Tarumã,53292,271439,65057,298877,688665,85876,774541,65513
Tatuí,100154,1061318,456842,1911602,3529915,472111,4002026,32083
Taubaté,19709,5918186,1254514,6792975,13985385,3281841,17267226,53678
Tejupá,32045,5025,22441,20153,79663,422,80084,19018
Teodoro Sampaio,44397,62583,87808,216769,411556,25916,437472,21453
Terra Roxa,31201,14035,36931,54021,136187,4608,140795,16626
Tietê,51065,601185,175663,786704,1614617,210893,1825510,44049
Timburi,12286,2296,14796,13916,43294,680,43974,18483
Torre de Pedra,1770,1819,13637,11865,29091,934,30025,12297
Torrinha,28965,23012,37681,99926,189584,13737,203321,21827
Trabiju,8013,6310,12592,11759,38674,1942,40616,26734
Tremembé,6712,172355,178642,334661,692370,62990,755360,16330
Três Fronteiras,24317,9528,25314,43105,102264,4644,106908,19819
Tuiuti,23294,4629,25868,73727,127519,8662,136181,22929
Tupã,102602,233098,234673,1081315,1651687,143230,1794917,27975
Tupi Paulista,32403,9353,60309,159876,261942,12033,273976,18950
Turiúba,12877,2500,13474,11733,40584,1446,42030,24485
Turmalina,24037,2678,14593,13383,54690,1334,56024,33653
Ubarana,33651,172286,31257,64057,301252,15037,316289,57814
Ubatuba,25560,252333,384987,1367132,2030012,108372,2138384,22626
Ubirajara,27153,5692,23823,33122,89790,3683,93473,19158
Uchoa,37070,34760,46108,83044,200982,22402,223384,41010
União Paulista,16313,2171,12633,13350,44467,1004,45471,28906
Urânia,63306,22078,32917,85442,203743,11527,215270,21985
Uru,16081,1906,11618,10739,40343,1021,41364,45169
Urupês,96531,24013,56556,190942,368042,24437,392479,29263
Valentim Gentil,19347,106617,49218,119792,294974,29888,324862,26200
Valinhos,44523,1515242,592668,2990544,5142978,1056589,6199567,47215
Valparaíso,103397,288824,106088,298404,796713,76734,873448,39772
Vargem,8577,10912,36464,65634,121587,10276,131863,11625
Vargem Grande do Sul,43099,137662,160571,539659,880991,93168,974158,23559
Vargem Grande Paulista,25636,480297,211337,1048812,1766082,316613,2082695,35157
Várzea Paulista,1676,911611,424101,1113963,2451350,392351,2843701,22711
Vera Cruz,14118,7767,41076,73571,136532,6315,142847,12559
Vinhedo,11413,2777412,439355,3899783,7127963,2148721,9276684,116276
Viradouro,32555,35168,73068,180857,321647,24175,345822,19083
Vista Alegre do Alto,28964,120459,37241,114898,301563,43955,345517,48674
Vitória Brasil,7765,1731,12188,12659,34342,1587,35929,19374
Votorantim,1426,672301,485021,1601309,2760057,333312,3093368,25466
Votuporanga,44714,506074,346714,1775031,2672532,256155,2928688,30865
Zacarias,39085,8090,18952,19780,85908,2610,88517,37673